{"cameraMode":{"drawMode":0,"name":"Shaded","section":"Shading Mode"},"sceneLighting":true,"audioPlay":false,"sceneViewState":{"m_AlwaysRefresh":false,"showFog":true,"showSkybox":false,"showFlares":true,"showImageEffects":true,"showParticleSystems":true,"showVisualEffectGraphs":true,"m_FxEnabled":true},"in2DMode":false,"pivot":{"x":3.9830193519592287,"y":1.1598724126815797,"z":-19.85697364807129},"rotation":{"x":-0.07047945261001587,"y":0.08726614713668823,"z":-0.006189763080328703,"w":-0.9936708211898804},"size":0.47419896721839907,"orthographic":false}